timestamp,project_name,run_id,experiment_id,duration,emissions,emissions_rate,cpu_power,gpu_power,ram_power,cpu_energy,gpu_energy,ram_energy,energy_consumed,country_name,country_iso_code,region,cloud_provider,cloud_region,os,python_version,codecarbon_version,cpu_count,cpu_model,gpu_count,gpu_model,longitude,latitude,ram_total_size,tracking_mode,on_cloud,pue
2025-06-20T10:47:13,codecarbon,1ccbad99-347a-4fa9-9699-10856ae2e682,5b0fa12a-3dd7-45bb-9766-cc326314d9f1,3.50693987502018,1.4733625900508117e-08,4.2012770180222535e-09,0.0651,0.0081,3.0,8.65319145596004e-10,3.9889894702500904e-09,3.9696111683345715e-08,4.4550420299191817e-08,Italy,ITA,,,,macOS-15.5-arm64-arm-64bit,3.12.9,3.0.2,10,Apple M2 Pro,1,Apple M2 Pro,,,16.0,machine,N,1.0
2025-06-20T10:47:17,codecarbon,1ccbad99-347a-4fa9-9699-10856ae2e682,5b0fa12a-3dd7-45bb-9766-cc326314d9f1,7.491551042010542,1.725591271640384e-07,2.3033831872248435e-08,0.0692,0.0089,3.0,1.1501326294265004e-08,9.571017862587016e-09,5.006988541572355e-07,5.217711983140875e-07,Italy,ITA,,,,macOS-15.5-arm64-arm-64bit,3.12.9,3.0.2,10,Apple M2 Pro,1,Apple M2 Pro,,,16.0,machine,N,1.0
2025-06-20T10:47:22,codecarbon,1ccbad99-347a-4fa9-9699-10856ae2e682,5b0fa12a-3dd7-45bb-9766-cc326314d9f1,12.696850334003102,6.720574490568836e-07,5.2931036546683095e-08,0.0775,0.009,3.0,4.93201673899635e-08,1.8253560362614935e-08,1.9645426041582443e-06,2.032116331910823e-06,Italy,ITA,,,,macOS-15.5-arm64-arm-64bit,3.12.9,3.0.2,10,Apple M2 Pro,1,Apple M2 Pro,,,16.0,machine,N,1.0
2025-06-20T10:47:26,codecarbon,1ccbad99-347a-4fa9-9699-10856ae2e682,5b0fa12a-3dd7-45bb-9766-cc326314d9f1,16.303723042015918,7.17323949541181e-07,4.3997554895442195e-08,0.0853,0.0147999999999999,3.0,5.2893510752895975e-08,2.5961197204051938e-08,2.0901350341834283e-06,2.1689897421403764e-06,Italy,ITA,,,,macOS-15.5-arm64-arm-64bit,3.12.9,3.0.2,10,Apple M2 Pro,1,Apple M2 Pro,,,16.0,machine,N,1.0
2025-06-20T10:48:40,codecarbon,3499e3b8-2f01-4c85-ac74-7fe41d8bcef3,5b0fa12a-3dd7-45bb-9766-cc326314d9f1,3.4766571249929257,2.1522085596946297e-08,6.190453882331031e-09,2.356,0.0174999999999999,3.0,2.5004222745386265e-08,8.422453676313227e-09,3.165017333230935e-08,6.507684975400884e-08,Italy,ITA,,,,macOS-15.5-arm64-arm-64bit,3.12.9,3.0.2,10,Apple M2 Pro,1,Apple M2 Pro,,,16.0,machine,N,1.0
2025-06-20T10:48:44,codecarbon,3499e3b8-2f01-4c85-ac74-7fe41d8bcef3,5b0fa12a-3dd7-45bb-9766-cc326314d9f1,7.465530124958605,1.7726496999233553e-07,2.3744458467819583e-08,0.0695,0.0082999999999999,3.0,3.5551403571824066e-08,1.362198694711454e-08,4.868269783522313e-07,5.360003688711698e-07,Italy,ITA,,,,macOS-15.5-arm64-arm-64bit,3.12.9,3.0.2,10,Apple M2 Pro,1,Apple M2 Pro,,,16.0,machine,N,1.0
2025-06-20T10:48:52,codecarbon,3499e3b8-2f01-4c85-ac74-7fe41d8bcef3,5b0fa12a-3dd7-45bb-9766-cc326314d9f1,14.970163957972543,1.325796503374084e-06,8.85625907034916e-08,0.0701,0.0081999999999999,3.0,1.1454948622130585e-07,2.6771912676325882e-08,3.867521492550926e-06,4.008842891448558e-06,Italy,ITA,,,,macOS-15.5-arm64-arm-64bit,3.12.9,3.0.2,10,Apple M2 Pro,1,Apple M2 Pro,,,16.0,machine,N,1.0
2025-06-20T10:48:55,codecarbon,3499e3b8-2f01-4c85-ac74-7fe41d8bcef3,5b0fa12a-3dd7-45bb-9766-cc326314d9f1,18.56608012499055,1.370108404692399e-06,7.379632078869403e-08,0.0775,0.0099,3.0,1.1779653170747042e-07,3.1895860376200285e-08,3.9931374650526175e-06,4.142829857136288e-06,Italy,ITA,,,,macOS-15.5-arm64-arm-64bit,3.12.9,3.0.2,10,Apple M2 Pro,1,Apple M2 Pro,,,16.0,machine,N,1.0
2025-06-20T10:50:09,codecarbon,83c1247b-b495-4390-b47e-79528bda51ed,5b0fa12a-3dd7-45bb-9766-cc326314d9f1,3.4883697089971974,1.2453901446738832e-08,3.5701208546266614e-09,0.105,0.0081999999999999,3.0,1.144959373777965e-09,3.991195587085611e-09,3.2521007475831236e-08,3.7657162436694814e-08,Italy,ITA,,,,macOS-15.5-arm64-arm-64bit,3.12.9,3.0.2,10,Apple M2 Pro,1,Apple M2 Pro,,,16.0,machine,N,1.0
2025-06-20T10:50:13,codecarbon,83c1247b-b495-4390-b47e-79528bda51ed,5b0fa12a-3dd7-45bb-9766-cc326314d9f1,7.438887249969412,1.6167008950760688e-07,2.173310121191468e-08,0.0768,0.0118999999999999,3.0,1.2225903374210856e-08,1.1340021444639812e-08,4.652798274764791e-07,4.888457522953298e-07,Italy,ITA,,,,macOS-15.5-arm64-arm-64bit,3.12.9,3.0.2,10,Apple M2 Pro,1,Apple M2 Pro,,,16.0,machine,N,1.0
2025-06-20T10:50:20,codecarbon,83c1247b-b495-4390-b47e-79528bda51ed,5b0fa12a-3dd7-45bb-9766-cc326314d9f1,14.415705791965593,1.1643808652964628e-06,8.077168624968856e-08,0.0674,0.0158,3.0,7.834342647107487e-08,3.4322790319762946e-08,3.4081003132935924e-06,3.5207665300844303e-06,Italy,ITA,,,,macOS-15.5-arm64-arm-64bit,3.12.9,3.0.2,10,Apple M2 Pro,1,Apple M2 Pro,,,16.0,machine,N,1.0
2025-06-20T10:50:24,codecarbon,83c1247b-b495-4390-b47e-79528bda51ed,5b0fa12a-3dd7-45bb-9766-cc326314d9f1,17.994955834001303,1.2073267238014544e-06,6.70925083083684e-08,0.2192999999999999,0.0064,3.0,8.696982296447419e-08,3.7625808764187646e-08,3.5260273274131275e-06,3.6506229591417897e-06,Italy,ITA,,,,macOS-15.5-arm64-arm-64bit,3.12.9,3.0.2,10,Apple M2 Pro,1,Apple M2 Pro,,,16.0,machine,N,1.0
2025-06-20T10:51:38,codecarbon,21c95a3a-fae6-4d6b-9a39-c420bd865b27,5b0fa12a-3dd7-45bb-9766-cc326314d9f1,3.4658325830241665,1.2542181007878588e-08,3.618807518086956e-09,0.0747,0.0101,3.0,8.07283938018372e-10,4.901394864769018e-09,3.2215416673958925e-08,3.7924095476746323e-08,Italy,ITA,,,,macOS-15.5-arm64-arm-64bit,3.12.9,3.0.2,10,Apple M2 Pro,1,Apple M2 Pro,,,16.0,machine,N,1.0
2025-06-20T10:51:42,codecarbon,21c95a3a-fae6-4d6b-9a39-c420bd865b27,5b0fa12a-3dd7-45bb-9766-cc326314d9f1,7.479337249998935,1.712507767160312e-07,2.2896517564581752e-08,0.0892,0.0099,3.0,1.4486359966352917e-08,1.1163504999224742e-08,4.921652425158148e-07,5.178151074813924e-07,Italy,ITA,,,,macOS-15.5-arm64-arm-64bit,3.12.9,3.0.2,10,Apple M2 Pro,1,Apple M2 Pro,,,16.0,machine,N,1.0
2025-06-20T10:51:49,codecarbon,21c95a3a-fae6-4d6b-9a39-c420bd865b27,5b0fa12a-3dd7-45bb-9766-cc326314d9f1,14.173214290989565,1.094757681892095e-06,7.724131304414649e-08,0.0792,0.009,3.0,8.59937318152677e-08,2.3574032916752104e-08,3.200677465016876e-06,3.310245229748896e-06,Italy,ITA,,,,macOS-15.5-arm64-arm-64bit,3.12.9,3.0.2,10,Apple M2 Pro,1,Apple M2 Pro,,,16.0,machine,N,1.0
2025-06-20T10:51:53,codecarbon,21c95a3a-fae6-4d6b-9a39-c420bd865b27,5b0fa12a-3dd7-45bb-9766-cc326314d9f1,17.769054208009038,1.1375639762620937e-06,6.401938802963189e-08,0.0771,0.009,3.0,8.912229274519552e-08,2.8227745104180137e-08,3.3223296175128777e-06,3.4396796553622534e-06,Italy,ITA,,,,macOS-15.5-arm64-arm-64bit,3.12.9,3.0.2,10,Apple M2 Pro,1,Apple M2 Pro,,,16.0,machine,N,1.0
2025-06-20T10:53:07,codecarbon,1da40b78-175e-42e6-a4b3-40ad634cf95d,5b0fa12a-3dd7-45bb-9766-cc326314d9f1,3.498580374987796,1.2899917829386513e-08,3.6871863575326632e-09,0.0803,0.0128,3.0,8.59097535301569e-10,6.248188739435541e-09,3.1898506664826235e-08,3.900579293956334e-08,Italy,ITA,,,,macOS-15.5-arm64-arm-64bit,3.12.9,3.0.2,10,Apple M2 Pro,1,Apple M2 Pro,,,16.0,machine,N,1.0
2025-06-20T10:53:11,codecarbon,1da40b78-175e-42e6-a4b3-40ad634cf95d,5b0fa12a-3dd7-45bb-9766-cc326314d9f1,7.485068624955602,3.2391093190555285e-07,4.327427684839352e-08,3.4043,0.0118999999999999,3.0,4.968572934791916e-07,1.3660635381964512e-08,4.6889937502176804e-07,9.79417303882924e-07,Italy,ITA,,,,macOS-15.5-arm64-arm-64bit,3.12.9,3.0.2,10,Apple M2 Pro,1,Apple M2 Pro,,,16.0,machine,N,1.0
2025-06-20T10:53:18,codecarbon,1da40b78-175e-42e6-a4b3-40ad634cf95d,5b0fa12a-3dd7-45bb-9766-cc326314d9f1,14.874880499963185,1.4359373858354308e-06,9.653438129059154e-08,0.0723,0.009,3.0,5.756556082808514e-07,2.77877198619519e-08,3.7384352083608978e-06,4.3418785365037e-06,Italy,ITA,,,,macOS-15.5-arm64-arm-64bit,3.12.9,3.0.2,10,Apple M2 Pro,1,Apple M2 Pro,,,16.0,machine,N,1.0
2025-06-20T10:53:22,codecarbon,1da40b78-175e-42e6-a4b3-40ad634cf95d,5b0fa12a-3dd7-45bb-9766-cc326314d9f1,18.490924457961228,1.4796091485877563e-06,8.001812737657439e-08,0.0712,0.0089,3.0,5.786112364751673e-07,3.242508742094085e-08,3.862893575860653e-06,4.47392989975676e-06,Italy,ITA,,,,macOS-15.5-arm64-arm-64bit,3.12.9,3.0.2,10,Apple M2 Pro,1,Apple M2 Pro,,,16.0,machine,N,1.0
2025-06-20T10:54:36,codecarbon,6a60e3f3-58e5-46a8-8b3c-d4cae0f374d8,5b0fa12a-3dd7-45bb-9766-cc326314d9f1,3.5113590839901008,1.2285197260338932e-08,3.498701490358189e-09,0.0671,0.0089,3.0,7.218787425825011e-10,4.338710444442566e-09,3.20864583288009e-08,3.7147047515825966e-08,Italy,ITA,,,,macOS-15.5-arm64-arm-64bit,3.12.9,3.0.2,10,Apple M2 Pro,1,Apple M2 Pro,,,16.0,machine,N,1.0
2025-06-20T10:54:40,codecarbon,6a60e3f3-58e5-46a8-8b3c-d4cae0f374d8,5b0fa12a-3dd7-45bb-9766-cc326314d9f1,7.484975208994001,3.349038989123637e-07,4.4743488062584454e-08,3.6399,0.0081,3.0,5.327956359168618e-07,9.339492663218862e-09,4.705218750071557e-07,1.0126570035872363e-06,Italy,ITA,,,,macOS-15.5-arm64-arm-64bit,3.12.9,3.0.2,10,Apple M2 Pro,1,Apple M2 Pro,,,16.0,machine,N,1.0
2025-06-20T10:54:46,codecarbon,6a60e3f3-58e5-46a8-8b3c-d4cae0f374d8,5b0fa12a-3dd7-45bb-9766-cc326314d9f1,13.56954500003485,1.088845659302158e-06,8.024186951731702e-08,0.1197,0.0089,3.0,6.198579512931043e-07,2.0069633861521852e-08,2.6524413191752196e-06,3.292368904329846e-06,Italy,ITA,,,,macOS-15.5-arm64-arm-64bit,3.12.9,3.0.2,10,Apple M2 Pro,1,Apple M2 Pro,,,16.0,machine,N,1.0
2025-06-20T10:54:50,codecarbon,6a60e3f3-58e5-46a8-8b3c-d4cae0f374d8,5b0fa12a-3dd7-45bb-9766-cc326314d9f1,17.18194466701243,1.131619601084697e-06,6.586097342388087e-08,0.0722,0.0089,3.0,6.22790310832607e-07,2.4702451295544354e-08,2.7742127425153737e-06,3.421705504643525e-06,Italy,ITA,,,,macOS-15.5-arm64-arm-64bit,3.12.9,3.0.2,10,Apple M2 Pro,1,Apple M2 Pro,,,16.0,machine,N,1.0
2025-06-20T10:56:04,codecarbon,bbf4961d-e833-47f3-b558-c557d951acd8,5b0fa12a-3dd7-45bb-9766-cc326314d9f1,3.4897293749963865,1.2533996143806844e-08,3.5916814162186504e-09,0.1508,0.0063,3.0,1.6760442710429843e-09,3.07219164520211e-09,3.3151110789428154e-08,3.789934670567325e-08,Italy,ITA,,,,macOS-15.5-arm64-arm-64bit,3.12.9,3.0.2,10,Apple M2 Pro,1,Apple M2 Pro,,,16.0,machine,N,1.0
2025-06-20T10:56:08,codecarbon,bbf4961d-e833-47f3-b558-c557d951acd8,5b0fa12a-3dd7-45bb-9766-cc326314d9f1,7.44031441694824,1.5853952690306308e-07,2.1308175705844768e-08,0.0693999999999999,0.0091,3.0,1.1532715815429885e-08,8.705621318345141e-09,4.591414574436688e-07,4.793797945774438e-07,Italy,ITA,,,,macOS-15.5-arm64-arm-64bit,3.12.9,3.0.2,10,Apple M2 Pro,1,Apple M2 Pro,,,16.0,machine,N,1.0
2025-06-20T10:56:16,codecarbon,bbf4961d-e833-47f3-b558-c557d951acd8,5b0fa12a-3dd7-45bb-9766-cc326314d9f1,15.099453457980417,1.3478736057769538e-06,8.926638368255447e-08,0.0753,0.0089,3.0,9.923160682958164e-08,2.3342672978734805e-08,3.9530236791082035e-06,4.07559795891652e-06,Italy,ITA,,,,macOS-15.5-arm64-arm-64bit,3.12.9,3.0.2,10,Apple M2 Pro,1,Apple M2 Pro,,,16.0,machine,N,1.0
2025-06-20T10:56:20,codecarbon,bbf4961d-e833-47f3-b558-c557d951acd8,5b0fa12a-3dd7-45bb-9766-cc326314d9f1,18.728102624998428,1.3901251460429094e-06,7.42266941760218e-08,0.0707,0.0081,3.0,1.0207772943989161e-07,2.7566746759988344e-08,4.073710484954062e-06,4.203354961153942e-06,Italy,ITA,,,,macOS-15.5-arm64-arm-64bit,3.12.9,3.0.2,10,Apple M2 Pro,1,Apple M2 Pro,,,16.0,machine,N,1.0
2025-06-20T10:57:34,codecarbon,ac476585-19c6-4eff-b112-e4f22168c5f2,5b0fa12a-3dd7-45bb-9766-cc326314d9f1,3.4825411250349134,1.0810300034961242e-08,3.104141386084239e-09,0.0499999999999999,0.0,3.0,5.39136000346237e-10,0.0,3.214822917167718e-08,3.2687365172023426e-08,Italy,ITA,,,,macOS-15.5-arm64-arm-64bit,3.12.9,3.0.2,10,Apple M2 Pro,1,Apple M2 Pro,,,16.0,machine,N,1.0
2025-06-20T10:57:38,codecarbon,ac476585-19c6-4eff-b112-e4f22168c5f2,5b0fa12a-3dd7-45bb-9766-cc326314d9f1,7.448071458027698,1.5833725695982102e-07,2.1258826241410663e-08,0.0414,0.0,3.0,6.612491091441675e-09,0.0,4.721556949759058e-07,4.787681860673475e-07,Italy,ITA,,,,macOS-15.5-arm64-arm-64bit,3.12.9,3.0.2,10,Apple M2 Pro,1,Apple M2 Pro,,,16.0,machine,N,1.0
2025-06-20T10:57:44,codecarbon,ac476585-19c6-4eff-b112-e4f22168c5f2,5b0fa12a-3dd7-45bb-9766-cc326314d9f1,13.722938042017631,9.467429921053648e-07,6.898981757452931e-08,0.0355,0.0,3.0,3.4493493417908525e-08,0.0,2.8281961458075487e-06,2.8626896392254572e-06,Italy,ITA,,,,macOS-15.5-arm64-arm-64bit,3.12.9,3.0.2,10,Apple M2 Pro,1,Apple M2 Pro,,,16.0,machine,N,1.0
2025-06-20T10:57:48,codecarbon,ac476585-19c6-4eff-b112-e4f22168c5f2,5b0fa12a-3dd7-45bb-9766-cc326314d9f1,17.335141042014584,9.882187757962564e-07,5.700667640379416e-08,0.0593,0.0,3.0,3.6925933427516915e-08,0.0,2.951175034152888e-06,2.988100967580405e-06,Italy,ITA,,,,macOS-15.5-arm64-arm-64bit,3.12.9,3.0.2,10,Apple M2 Pro,1,Apple M2 Pro,,,16.0,machine,N,1.0
2025-06-20T10:59:02,codecarbon,66ecfab2-7eaf-4923-803b-a5122e6781b6,5b0fa12a-3dd7-45bb-9766-cc326314d9f1,3.482751415984239,1.0581550771292848e-08,3.0382733383520735e-09,0.0336999999999999,0.0,3.0,3.5777385939016107e-10,0.0,3.163791664216357e-08,3.199569050155373e-08,Italy,ITA,,,,macOS-15.5-arm64-arm-64bit,3.12.9,3.0.2,10,Apple M2 Pro,1,Apple M2 Pro,,,16.0,machine,N,1.0
2025-06-20T10:59:06,codecarbon,66ecfab2-7eaf-4923-803b-a5122e6781b6,5b0fa12a-3dd7-45bb-9766-cc326314d9f1,7.422395916015375,1.5033476548925218e-07,2.0254209986949553e-08,0.0299,0.0,3.0,4.528671942368319e-09,0.0,4.500421874884827e-07,4.54570859430851e-07,Italy,ITA,,,,macOS-15.5-arm64-arm-64bit,3.12.9,3.0.2,10,Apple M2 Pro,1,Apple M2 Pro,,,16.0,machine,N,1.0
2025-06-20T10:59:12,codecarbon,66ecfab2-7eaf-4923-803b-a5122e6781b6,5b0fa12a-3dd7-45bb-9766-cc326314d9f1,13.3624587499653,8.744418926984605e-07,6.54401939838154e-08,0.15,0.0,3.0,1.087945313171836e-07,0.0,2.5352765283120487e-06,2.6440710596292324e-06,Italy,ITA,,,,macOS-15.5-arm64-arm-64bit,3.12.9,3.0.2,10,Apple M2 Pro,1,Apple M2 Pro,,,16.0,machine,N,1.0
2025-06-20T10:59:16,codecarbon,66ecfab2-7eaf-4923-803b-a5122e6781b6,5b0fa12a-3dd7-45bb-9766-cc326314d9f1,16.965617165958975,9.165672485206872e-07,5.4024987099187474e-08,0.1618,0.0,3.0,1.1531686163385977e-07,0.0,2.6561296532842488e-06,2.771446514918109e-06,Italy,ITA,,,,macOS-15.5-arm64-arm-64bit,3.12.9,3.0.2,10,Apple M2 Pro,1,Apple M2 Pro,,,16.0,machine,N,1.0
2025-06-20T11:00:30,codecarbon,ac4184c3-10bf-4900-b568-e423a802f1f1,5b0fa12a-3dd7-45bb-9766-cc326314d9f1,3.461152374977246,1.0541687321605866e-08,3.045716044696e-09,0.0282,0.0,3.0,2.9852278721712835e-10,0.0,3.157663163923037e-08,3.18751544264475e-08,Italy,ITA,,,,macOS-15.5-arm64-arm-64bit,3.12.9,3.0.2,10,Apple M2 Pro,1,Apple M2 Pro,,,16.0,machine,N,1.0
2025-06-20T11:00:34,codecarbon,ac4184c3-10bf-4900-b568-e423a802f1f1,5b0fa12a-3dd7-45bb-9766-cc326314d9f1,7.387488166976254,1.49671378091129e-07,2.0260117472701204e-08,0.0273,0.0,3.0,4.092979809861088e-09,0.0,4.484719791313789e-07,4.5256495894124e-07,Italy,ITA,,,,macOS-15.5-arm64-arm-64bit,3.12.9,3.0.2,10,Apple M2 Pro,1,Apple M2 Pro,,,16.0,machine,N,1.0
2025-06-20T11:00:43,codecarbon,ac4184c3-10bf-4900-b568-e423a802f1f1,5b0fa12a-3dd7-45bb-9766-cc326314d9f1,16.820514999970328,1.8830914441561856e-06,1.1195206830227894e-07,0.1472,0.0,3.0,2.492459318096355e-07,0.0,5.444703124958323e-06,5.693949056767958e-06,Italy,ITA,,,,macOS-15.5-arm64-arm-64bit,3.12.9,3.0.2,10,Apple M2 Pro,1,Apple M2 Pro,,,16.0,machine,N,1.0
2025-06-20T11:00:47,codecarbon,ac4184c3-10bf-4900-b568-e423a802f1f1,5b0fa12a-3dd7-45bb-9766-cc326314d9f1,20.419711249996908,1.9242381864653073e-06,9.423434851291536e-08,0.1139999999999999,0.0,3.0,2.538033364715359e-07,0.0,5.5645621182823865e-06,5.8183654547539215e-06,Italy,ITA,,,,macOS-15.5-arm64-arm-64bit,3.12.9,3.0.2,10,Apple M2 Pro,1,Apple M2 Pro,,,16.0,machine,N,1.0
2025-06-20T11:02:01,codecarbon,cc21256c-2cda-456e-9a1c-862f497a8800,5b0fa12a-3dd7-45bb-9766-cc326314d9f1,3.472242499992717,1.0540715182928349e-08,3.0357082441535854e-09,0.0326,0.0,3.0,3.4464576931269327e-10,0.0,3.152756917794856e-08,3.1872214947261255e-08,Italy,ITA,,,,macOS-15.5-arm64-arm-64bit,3.12.9,3.0.2,10,Apple M2 Pro,1,Apple M2 Pro,,,16.0,machine,N,1.0
2025-06-20T11:02:05,codecarbon,cc21256c-2cda-456e-9a1c-862f497a8800,5b0fa12a-3dd7-45bb-9766-cc326314d9f1,7.435541666985955,1.570628504194936e-07,2.1123256038878474e-08,0.0335,0.0,3.0,5.238238920174707e-09,0.0,4.696764933275215e-07,4.749147322476962e-07,Italy,ITA,,,,macOS-15.5-arm64-arm-64bit,3.12.9,3.0.2,10,Apple M2 Pro,1,Apple M2 Pro,,,16.0,machine,N,1.0
2025-06-20T11:02:12,codecarbon,cc21256c-2cda-456e-9a1c-862f497a8800,5b0fa12a-3dd7-45bb-9766-cc326314d9f1,15.08212466700934,1.372518302993174e-06,9.100298089933065e-08,0.1479,0.0,3.0,1.7791686397789294e-07,0.0,3.972199860824427e-06,4.150116724802321e-06,Italy,ITA,,,,macOS-15.5-arm64-arm-64bit,3.12.9,3.0.2,10,Apple M2 Pro,1,Apple M2 Pro,,,16.0,machine,N,1.0
2025-06-20T11:02:16,codecarbon,cc21256c-2cda-456e-9a1c-862f497a8800,5b0fa12a-3dd7-45bb-9766-cc326314d9f1,18.679794916999526,1.4146114498867189e-06,7.572949575583153e-08,0.1593,0.0,3.0,1.8433881669581593e-07,0.0,4.093055972480215e-06,4.277394789176032e-06,Italy,ITA,,,,macOS-15.5-arm64-arm-64bit,3.12.9,3.0.2,10,Apple M2 Pro,1,Apple M2 Pro,,,16.0,machine,N,1.0
2025-06-20T11:03:30,codecarbon,7358cb86-844c-4b5b-8ced-e21dd9a503a6,5b0fa12a-3dd7-45bb-9766-cc326314d9f1,3.4767716659698635,1.0374515749124202e-08,2.983950844591969e-09,0.0344999999999999,0.0,3.0,3.5877124964220755e-10,0.0,3.1010902457637714e-08,3.136967370727992e-08,Italy,ITA,,,,macOS-15.5-arm64-arm-64bit,3.12.9,3.0.2,10,Apple M2 Pro,1,Apple M2 Pro,,,16.0,machine,N,1.0
2025-06-20T11:03:34,codecarbon,7358cb86-844c-4b5b-8ced-e21dd9a503a6,5b0fa12a-3dd7-45bb-9766-cc326314d9f1,7.429184082953725,1.581143940551721e-07,2.1282874712711163e-08,0.0319,0.0,3.0,5.059795979374838e-09,0.0,4.730345141433645e-07,4.780943101227393e-07,Italy,ITA,,,,macOS-15.5-arm64-arm-64bit,3.12.9,3.0.2,10,Apple M2 Pro,1,Apple M2 Pro,,,16.0,machine,N,1.0
2025-06-20T11:03:43,codecarbon,7358cb86-844c-4b5b-8ced-e21dd9a503a6,5b0fa12a-3dd7-45bb-9766-cc326314d9f1,15.739957832964135,1.5649143412543143e-06,9.942303263207733e-08,0.1566,0.0,3.0,2.1609531174267697e-07,0.0,4.515773958313124e-06,4.731869270055801e-06,Italy,ITA,,,,macOS-15.5-arm64-arm-64bit,3.12.9,3.0.2,10,Apple M2 Pro,1,Apple M2 Pro,,,16.0,machine,N,1.0
2025-06-20T11:03:46,codecarbon,7358cb86-844c-4b5b-8ced-e21dd9a503a6,5b0fa12a-3dd7-45bb-9766-cc326314d9f1,19.35069933295017,1.608173408950352e-06,8.310673331645286e-08,0.15,0.0,3.0,2.223280357001867e-07,0.0,4.640344721604683e-06,4.862672757304869e-06,Italy,ITA,,,,macOS-15.5-arm64-arm-64bit,3.12.9,3.0.2,10,Apple M2 Pro,1,Apple M2 Pro,,,16.0,machine,N,1.0
2025-06-20T11:05:00,codecarbon,27876a10-25b1-469c-a204-380912885e37,5b0fa12a-3dd7-45bb-9766-cc326314d9f1,3.474571999977343,1.0382148406519486e-08,2.988036629140851e-09,0.0329,0.0,3.0,3.4247529127525117e-10,0.0,3.1050277466420084e-08,3.139275275769533e-08,Italy,ITA,,,,macOS-15.5-arm64-arm-64bit,3.12.9,3.0.2,10,Apple M2 Pro,1,Apple M2 Pro,,,16.0,machine,N,1.0
2025-06-20T11:05:04,codecarbon,27876a10-25b1-469c-a204-380912885e37,5b0fa12a-3dd7-45bb-9766-cc326314d9f1,7.434129540983122,1.5284787115418358e-07,2.056029159991881e-08,0.0307,0.0,3.0,4.706985212422702e-09,0.0,4.57462812482845e-07,4.621697976952677e-07,Italy,ITA,,,,macOS-15.5-arm64-arm-64bit,3.12.9,3.0.2,10,Apple M2 Pro,1,Apple M2 Pro,,,16.0,machine,N,1.0
2025-06-20T11:05:12,codecarbon,27876a10-25b1-469c-a204-380912885e37,5b0fa12a-3dd7-45bb-9766-cc326314d9f1,14.747977124992758,1.2726724600565834e-06,8.629471345597902e-08,0.1459,0.0,3.0,1.617484951626717e-07,0.0,3.6864619441136407e-06,3.848210439276312e-06,Italy,ITA,,,,macOS-15.5-arm64-arm-64bit,3.12.9,3.0.2,10,Apple M2 Pro,1,Apple M2 Pro,,,16.0,machine,N,1.0
2025-06-20T11:05:15,codecarbon,27876a10-25b1-469c-a204-380912885e37,5b0fa12a-3dd7-45bb-9766-cc326314d9f1,18.33880929095903,1.313306670578022e-06,7.161351916263601e-08,0.1464,0.0,3.0,1.674687142465393e-07,0.0,3.803608368277006e-06,3.971077082523546e-06,Italy,ITA,,,,macOS-15.5-arm64-arm-64bit,3.12.9,3.0.2,10,Apple M2 Pro,1,Apple M2 Pro,,,16.0,machine,N,1.0
2025-06-20T11:06:30,codecarbon,fca2eb3a-9f24-4e7c-a10c-878f7ea06ddf,5b0fa12a-3dd7-45bb-9766-cc326314d9f1,3.4746541249915026,1.0657616394790589e-08,3.067245259934081e-09,0.0308,0.0,3.0,3.2947693430146e-10,0.0,3.189621502921606e-08,3.2225691963517525e-08,Italy,ITA,,,,macOS-15.5-arm64-arm-64bit,3.12.9,3.0.2,10,Apple M2 Pro,1,Apple M2 Pro,,,16.0,machine,N,1.0
2025-06-20T11:06:34,codecarbon,fca2eb3a-9f24-4e7c-a10c-878f7ea06ddf,5b0fa12a-3dd7-45bb-9766-cc326314d9f1,7.409799540997483,1.5365483281644892e-07,2.0736705759217396e-08,0.0292,0.0,3.0,4.498230483111305e-09,0.0,4.601115966700795e-07,4.646098271531907e-07,Italy,ITA,,,,macOS-15.5-arm64-arm-64bit,3.12.9,3.0.2,10,Apple M2 Pro,1,Apple M2 Pro,,,16.0,machine,N,1.0
2025-06-20T11:06:42,codecarbon,fca2eb3a-9f24-4e7c-a10c-878f7ea06ddf,5b0fa12a-3dd7-45bb-9766-cc326314d9f1,15.45808679104084,1.4356303063019625e-06,9.287244441750849e-08,0.0291,0.0,3.0,4.173834687282701e-08,0.0,4.299211665832748e-06,4.340950012705575e-06,Italy,ITA,,,,macOS-15.5-arm64-arm-64bit,3.12.9,3.0.2,10,Apple M2 Pro,1,Apple M2 Pro,,,16.0,machine,N,1.0
2025-06-20T11:06:45,codecarbon,fca2eb3a-9f24-4e7c-a10c-878f7ea06ddf,5b0fa12a-3dd7-45bb-9766-cc326314d9f1,19.042589333024807,1.477829368247042e-06,7.760653461575738e-08,0.0362,0.0,3.0,4.3260592489504954e-08,0.0,4.425287742487853e-06,4.468548334977358e-06,Italy,ITA,,,,macOS-15.5-arm64-arm-64bit,3.12.9,3.0.2,10,Apple M2 Pro,1,Apple M2 Pro,,,16.0,machine,N,1.0
2025-06-20T11:07:59,codecarbon,1a6b6c41-ed84-4315-9839-0301ac965e0d,5b0fa12a-3dd7-45bb-9766-cc326314d9f1,3.4790637089754455,1.0255877725632157e-08,2.947884426253414e-09,0.0309,0.0,3.0,3.180625748548968e-10,0.0,3.069288247691778e-08,3.1010945051772677e-08,Italy,ITA,,,,macOS-15.5-arm64-arm-64bit,3.12.9,3.0.2,10,Apple M2 Pro,1,Apple M2 Pro,,,16.0,machine,N,1.0
2025-06-20T11:08:03,codecarbon,1a6b6c41-ed84-4315-9839-0301ac965e0d,5b0fa12a-3dd7-45bb-9766-cc326314d9f1,7.422289167006966,1.5161660855412282e-07,2.0427203136746303e-08,0.031,0.0,3.0,4.690514261957207e-09,0.0,4.537562849873211e-07,4.584467992492783e-07,Italy,ITA,,,,macOS-15.5-arm64-arm-64bit,3.12.9,3.0.2,10,Apple M2 Pro,1,Apple M2 Pro,,,16.0,machine,N,1.0
2025-06-20T11:08:09,codecarbon,1a6b6c41-ed84-4315-9839-0301ac965e0d,5b0fa12a-3dd7-45bb-9766-cc326314d9f1,13.000628208974376,7.475553705802945e-07,5.750148058724229e-08,0.03,0.0,3.0,2.2532434745096713e-08,0.0,2.2378687849656367e-06,2.2604012197107338e-06,Italy,ITA,,,,macOS-15.5-arm64-arm-64bit,3.12.9,3.0.2,10,Apple M2 Pro,1,Apple M2 Pro,,,16.0,machine,N,1.0
2025-06-20T11:08:12,codecarbon,1a6b6c41-ed84-4315-9839-0301ac965e0d,5b0fa12a-3dd7-45bb-9766-cc326314d9f1,16.592714833968785,7.90383939083014e-07,4.76343953953172e-08,0.029,0.0,3.0,2.3773100387673675e-08,0.0,2.3661298957692146e-06,2.3899029961568888e-06,Italy,ITA,,,,macOS-15.5-arm64-arm-64bit,3.12.9,3.0.2,10,Apple M2 Pro,1,Apple M2 Pro,,,16.0,machine,N,1.0
2025-06-20T11:09:27,codecarbon,54dfb328-c280-4610-9c4e-645c137b9178,5b0fa12a-3dd7-45bb-9766-cc326314d9f1,3.479865042027086,1.0414903462480166e-08,2.992904419193593e-09,0.0465,0.0,3.0,4.834966671963533e-10,0.0,3.100829834390121e-08,3.1491795011097573e-08,Italy,ITA,,,,macOS-15.5-arm64-arm-64bit,3.12.9,3.0.2,10,Apple M2 Pro,1,Apple M2 Pro,,,16.0,machine,N,1.0
2025-06-20T11:09:31,codecarbon,54dfb328-c280-4610-9c4e-645c137b9178,5b0fa12a-3dd7-45bb-9766-cc326314d9f1,7.411842083034571,1.494003234930769e-07,2.0156976068749305e-08,0.0306,0.0,3.0,4.727622104740779e-09,0.0,4.470177425052196e-07,4.517453646099603e-07,Italy,ITA,,,,macOS-15.5-arm64-arm-64bit,3.12.9,3.0.2,10,Apple M2 Pro,1,Apple M2 Pro,,,16.0,machine,N,1.0
2025-06-20T11:09:37,codecarbon,54dfb328-c280-4610-9c4e-645c137b9178,5b0fa12a-3dd7-45bb-9766-cc326314d9f1,13.66648150002584,9.349799696296784e-07,6.841409543692067e-08,0.0291,0.0,3.0,2.7548275904628105e-08,0.0,2.7995732283064473e-06,2.8271215042110756e-06,Italy,ITA,,,,macOS-15.5-arm64-arm-64bit,3.12.9,3.0.2,10,Apple M2 Pro,1,Apple M2 Pro,,,16.0,machine,N,1.0
2025-06-20T11:09:40,codecarbon,54dfb328-c280-4610-9c4e-645c137b9178,5b0fa12a-3dd7-45bb-9766-cc326314d9f1,17.253769708040636,9.77125041353036e-07,5.6632553806353066e-08,0.0310999999999999,0.0,3.0,2.8856610790148914e-08,0.0,2.9256999641559863e-06,2.9545565749461352e-06,Italy,ITA,,,,macOS-15.5-arm64-arm-64bit,3.12.9,3.0.2,10,Apple M2 Pro,1,Apple M2 Pro,,,16.0,machine,N,1.0
2025-06-20T11:10:54,codecarbon,3ec90ebb-3082-45af-a432-bffd3f0ce721,5b0fa12a-3dd7-45bb-9766-cc326314d9f1,3.47836729203118,1.0315864576488865e-08,2.9657203252003192e-09,0.0281,0.0,3.0,2.9111372097557047e-10,0.0,3.0901215019791076e-08,3.1192328740766646e-08,Italy,ITA,,,,macOS-15.5-arm64-arm-64bit,3.12.9,3.0.2,10,Apple M2 Pro,1,Apple M2 Pro,,,16.0,machine,N,1.0
2025-06-20T11:10:58,codecarbon,3ec90ebb-3082-45af-a432-bffd3f0ce721,5b0fa12a-3dd7-45bb-9766-cc326314d9f1,7.45035195798846,1.5747656338066453e-07,2.113679518345628e-08,0.0301,0.0,3.0,4.712075259090247e-09,0.0,4.714536108561636e-07,4.761656861152539e-07,Italy,ITA,,,,macOS-15.5-arm64-arm-64bit,3.12.9,3.0.2,10,Apple M2 Pro,1,Apple M2 Pro,,,16.0,machine,N,1.0
2025-06-20T11:11:03,codecarbon,3ec90ebb-3082-45af-a432-bffd3f0ce721,5b0fa12a-3dd7-45bb-9766-cc326314d9f1,12.502674749994185,6.101578519907575e-07,4.8802185467636936e-08,0.0336,0.0,3.0,1.9873540151107593e-08,0.0,1.8250754858794e-06,1.844949026030508e-06,Italy,ITA,,,,macOS-15.5-arm64-arm-64bit,3.12.9,3.0.2,10,Apple M2 Pro,1,Apple M2 Pro,,,16.0,machine,N,1.0
2025-06-20T11:11:07,codecarbon,3ec90ebb-3082-45af-a432-bffd3f0ce721,5b0fa12a-3dd7-45bb-9766-cc326314d9f1,16.08541520801373,6.470834340245146e-07,4.0227959655162566e-08,0.0283,0.0,3.0,2.0917738088511722e-08,0.0,1.9356840617062214e-06,1.9566017997947332e-06,Italy,ITA,,,,macOS-15.5-arm64-arm-64bit,3.12.9,3.0.2,10,Apple M2 Pro,1,Apple M2 Pro,,,16.0,machine,N,1.0
2025-06-20T11:12:20,codecarbon,4ec19799-3cec-404c-83a0-fb65fcd16a98,5b0fa12a-3dd7-45bb-9766-cc326314d9f1,3.4777463329955935,1.3210590201903614e-08,3.798606608126169e-09,0.0793,0.0139,3.0,8.604618978408529e-10,6.739301900293665e-09,3.2345416693715374e-08,3.994518049184989e-08,Italy,ITA,,,,macOS-15.5-arm64-arm-64bit,3.12.9,3.0.2,10,Apple M2 Pro,1,Apple M2 Pro,,,16.0,machine,N,1.0
2025-06-20T11:12:24,codecarbon,4ec19799-3cec-404c-83a0-fb65fcd16a98,5b0fa12a-3dd7-45bb-9766-cc326314d9f1,7.451990667032078,1.6623692578131608e-07,2.2307720609038775e-08,0.063,0.0084,3.0,1.0271751181002604e-08,1.1969833346347312e-08,4.804130208503921e-07,5.02654605377742e-07,Italy,ITA,,,,macOS-15.5-arm64-arm-64bit,3.12.9,3.0.2,10,Apple M2 Pro,1,Apple M2 Pro,,,16.0,machine,N,1.0
2025-06-20T11:12:31,codecarbon,4ec19799-3cec-404c-83a0-fb65fcd16a98,5b0fa12a-3dd7-45bb-9766-cc326314d9f1,13.87913875002414,1.0147924950646513e-06,7.311638808012395e-08,0.0799,0.0099,3.0,7.650291416747174e-08,2.4860726471308033e-08,2.967088923372406e-06,3.0684525640111857e-06,Italy,ITA,,,,macOS-15.5-arm64-arm-64bit,3.12.9,3.0.2,10,Apple M2 Pro,1,Apple M2 Pro,,,16.0,machine,N,1.0
2025-06-20T11:12:34,codecarbon,4ec19799-3cec-404c-83a0-fb65fcd16a98,5b0fa12a-3dd7-45bb-9766-cc326314d9f1,17.480891291983426,1.0591143758364968e-06,6.05869779833364e-08,0.074,0.0091,3.0,7.961759729176669e-08,2.957755917264149e-08,3.093274548349049e-06,3.2024697048134566e-06,Italy,ITA,,,,macOS-15.5-arm64-arm-64bit,3.12.9,3.0.2,10,Apple M2 Pro,1,Apple M2 Pro,,,16.0,machine,N,1.0
2025-06-20T11:13:49,codecarbon,e33798cf-a903-4264-964b-5352e48d2f35,5b0fa12a-3dd7-45bb-9766-cc326314d9f1,3.4735852499725297,1.2288925809980589e-08,3.537821854257866e-09,0.0733,0.0081,3.0,7.968541340443255e-10,3.936884154725704e-09,3.242458333261311e-08,3.7158321621383146e-08,Italy,ITA,,,,macOS-15.5-arm64-arm-64bit,3.12.9,3.0.2,10,Apple M2 Pro,1,Apple M2 Pro,,,16.0,machine,N,1.0
2025-06-20T11:13:53,codecarbon,e33798cf-a903-4264-964b-5352e48d2f35,5b0fa12a-3dd7-45bb-9766-cc326314d9f1,7.45378687500488,1.6597236238624624e-07,2.2266851087842183e-08,0.0763,0.009,3.0,1.218519608535442e-08,9.567463424653398e-09,4.801019791436072e-07,5.018546386536149e-07,Italy,ITA,,,,macOS-15.5-arm64-arm-64bit,3.12.9,3.0.2,10,Apple M2 Pro,1,Apple M2 Pro,,,16.0,machine,N,1.0
2025-06-20T11:13:59,codecarbon,e33798cf-a903-4264-964b-5352e48d2f35,5b0fa12a-3dd7-45bb-9766-cc326314d9f1,14.061869041004684,1.06453668802408e-06,7.570378339606708e-08,0.0799,0.0092,3.0,8.234988416651484e-08,2.203529277820457e-08,3.1144801041227764e-06,3.218865281067496e-06,Italy,ITA,,,,macOS-15.5-arm64-arm-64bit,3.12.9,3.0.2,10,Apple M2 Pro,1,Apple M2 Pro,,,16.0,machine,N,1.0
2025-06-20T11:14:03,codecarbon,e33798cf-a903-4264-964b-5352e48d2f35,5b0fa12a-3dd7-45bb-9766-cc326314d9f1,17.66655591595918,1.1083546394895094e-06,6.273744836073403e-08,0.0965999999999999,0.0072,3.0,8.636862081023153e-08,2.5775578694225666e-08,3.239214479156847e-06,3.3513586786613045e-06,Italy,ITA,,,,macOS-15.5-arm64-arm-64bit,3.12.9,3.0.2,10,Apple M2 Pro,1,Apple M2 Pro,,,16.0,machine,N,1.0
2025-06-20T11:15:17,codecarbon,785d4aa5-e5fd-4354-9492-8a6ba3b163b1,5b0fa12a-3dd7-45bb-9766-cc326314d9f1,3.4738112919731066,1.2187082568590116e-08,3.50827421073524e-09,0.0721,0.0099,3.0,7.56707024427467e-10,4.797522927998217e-09,3.129614580151004e-08,3.6850375753935734e-08,Italy,ITA,,,,macOS-15.5-arm64-arm-64bit,3.12.9,3.0.2,10,Apple M2 Pro,1,Apple M2 Pro,,,16.0,machine,N,1.0
2025-06-20T11:15:21,codecarbon,785d4aa5-e5fd-4354-9492-8a6ba3b163b1,5b0fa12a-3dd7-45bb-9766-cc326314d9f1,7.450659666967113,1.678799485043888e-07,2.253222613947772e-08,0.0749,0.0165999999999999,3.0,1.197419829631852e-08,1.5148905393403968e-08,4.804995491576847e-07,5.07622652847407e-07,Italy,ITA,,,,macOS-15.5-arm64-arm-64bit,3.12.9,3.0.2,10,Apple M2 Pro,1,Apple M2 Pro,,,16.0,machine,N,1.0
2025-06-20T11:15:30,codecarbon,785d4aa5-e5fd-4354-9492-8a6ba3b163b1,5b0fa12a-3dd7-45bb-9766-cc326314d9f1,15.560752124991268,1.4854011346946025e-06,9.545818368952625e-08,0.0627,0.0075,3.0,9.326136584096016e-08,2.8443707128820178e-08,4.3697381949944736e-06,4.491443267964254e-06,Italy,ITA,,,,macOS-15.5-arm64-arm-64bit,3.12.9,3.0.2,10,Apple M2 Pro,1,Apple M2 Pro,,,16.0,machine,N,1.0
2025-06-20T11:15:33,codecarbon,785d4aa5-e5fd-4354-9492-8a6ba3b163b1,5b0fa12a-3dd7-45bb-9766-cc326314d9f1,19.15207370900316,1.5283371529090677e-06,7.980008724541482e-08,0.0880999999999999,0.0081,3.0,9.684821559788705e-08,3.2622594628127344e-08,4.491799132471594e-06,4.621269942697608e-06,Italy,ITA,,,,macOS-15.5-arm64-arm-64bit,3.12.9,3.0.2,10,Apple M2 Pro,1,Apple M2 Pro,,,16.0,machine,N,1.0
2025-06-20T11:16:48,codecarbon,76e09ae5-566a-4223-9d3d-45258e6c4293,5b0fa12a-3dd7-45bb-9766-cc326314d9f1,3.5022839589510113,1.2377235225869193e-08,3.534046745192062e-09,0.0858,0.0107999999999999,3.0,8.99177064178123e-10,5.293667876918334e-09,3.1232499992862965e-08,3.742534493395942e-08,Italy,ITA,,,,macOS-15.5-arm64-arm-64bit,3.12.9,3.0.2,10,Apple M2 Pro,1,Apple M2 Pro,,,16.0,machine,N,1.0
2025-06-20T11:16:52,codecarbon,76e09ae5-566a-4223-9d3d-45258e6c4293,5b0fa12a-3dd7-45bb-9766-cc326314d9f1,7.492714291962329,1.664466828194492e-07,2.2214470795717088e-08,0.078,0.0091,3.0,1.2562571231634744e-08,1.0998121576298016e-08,4.797281599894632e-07,5.03288852797396e-07,Italy,ITA,,,,macOS-15.5-arm64-arm-64bit,3.12.9,3.0.2,10,Apple M2 Pro,1,Apple M2 Pro,,,16.0,machine,N,1.0
2025-06-20T11:16:56,codecarbon,76e09ae5-566a-4223-9d3d-45258e6c4293,5b0fa12a-3dd7-45bb-9766-cc326314d9f1,11.894281374989076,4.848183313925254e-07,4.0760624043415206e-08,0.6163,0.0082,3.0,1.7560435104660345e-07,1.7074241758506915e-08,1.27327829914672e-06,1.4659568919518304e-06,Italy,ITA,,,,macOS-15.5-arm64-arm-64bit,3.12.9,3.0.2,10,Apple M2 Pro,1,Apple M2 Pro,,,16.0,machine,N,1.0
2025-06-20T11:17:00,codecarbon,76e09ae5-566a-4223-9d3d-45258e6c4293,5b0fa12a-3dd7-45bb-9766-cc326314d9f1,15.500119208998512,5.272468008767391e-07,3.4015661026055123e-08,0.0722,0.0091999999999999,3.0,1.7850877821087977e-07,2.186270450464508e-08,1.3938773966219742e-06,1.594248879337499e-06,Italy,ITA,,,,macOS-15.5-arm64-arm-64bit,3.12.9,3.0.2,10,Apple M2 Pro,1,Apple M2 Pro,,,16.0,machine,N,1.0
2025-06-20T11:18:14,codecarbon,575ca43e-e8bb-4169-b5f0-1afca9118890,5b0fa12a-3dd7-45bb-9766-cc326314d9f1,3.493875458021648,1.2113498879129533e-08,3.4670665925764302e-09,0.068,0.0082999999999999,3.0,7.26442261754224e-10,4.052061729144447e-09,3.1849374984934315e-08,3.6627878975832985e-08,Italy,ITA,,,,macOS-15.5-arm64-arm-64bit,3.12.9,3.0.2,10,Apple M2 Pro,1,Apple M2 Pro,,,16.0,machine,N,1.0
2025-06-20T11:18:18,codecarbon,575ca43e-e8bb-4169-b5f0-1afca9118890,5b0fa12a-3dd7-45bb-9766-cc326314d9f1,7.473240750026889,1.5891768812884782e-07,2.1264896106588835e-08,0.0872,0.009,3.0,1.3109079445557049e-08,9.651427041663232e-09,4.577627433172893e-07,4.805232498045096e-07,Italy,ITA,,,,macOS-15.5-arm64-arm-64bit,3.12.9,3.0.2,10,Apple M2 Pro,1,Apple M2 Pro,,,16.0,machine,N,1.0
2025-06-20T11:18:24,codecarbon,575ca43e-e8bb-4169-b5f0-1afca9118890,5b0fa12a-3dd7-45bb-9766-cc326314d9f1,13.448339792026673,8.740694674703233e-07,6.499460015046218e-08,0.0888,0.0070999999999999,3.0,7.503919124246267e-08,1.8005999753463483e-08,2.549899757480792e-06,2.6429449484767183e-06,Italy,ITA,,,,macOS-15.5-arm64-arm-64bit,3.12.9,3.0.2,10,Apple M2 Pro,1,Apple M2 Pro,,,16.0,machine,N,1.0
2025-06-20T11:18:28,codecarbon,575ca43e-e8bb-4169-b5f0-1afca9118890,5b0fa12a-3dd7-45bb-9766-cc326314d9f1,17.066953749977984,9.183269213808614e-07,5.38073129413646e-08,0.0825,0.0108999999999999,3.0,7.847060686702029e-08,2.3696950057548945e-08,2.674599723298646e-06,2.7767672802232153e-06,Italy,ITA,,,,macOS-15.5-arm64-arm-64bit,3.12.9,3.0.2,10,Apple M2 Pro,1,Apple M2 Pro,,,16.0,machine,N,1.0
2025-06-20T11:19:42,codecarbon,d6a7b39a-e802-4544-ae53-90d588b30eff,5b0fa12a-3dd7-45bb-9766-cc326314d9f1,3.530370499996934,1.3413875223446368e-08,3.799565859577066e-09,0.089,0.0099,3.0,1.0332436470424802e-09,4.9400171563174815e-09,3.458659751534772e-08,4.055985831870768e-08,Italy,ITA,,,,macOS-15.5-arm64-arm-64bit,3.12.9,3.0.2,10,Apple M2 Pro,1,Apple M2 Pro,,,16.0,machine,N,1.0
2025-06-20T11:19:46,codecarbon,d6a7b39a-e802-4544-ae53-90d588b30eff,5b0fa12a-3dd7-45bb-9766-cc326314d9f1,7.527981167018879,1.655642934599211e-07,2.1993186458180983e-08,0.0627,0.0089,3.0,1.0339102163322322e-08,1.0532342764597464e-08,4.797493058625454e-07,5.006207507904651e-07,Italy,ITA,,,,macOS-15.5-arm64-arm-64bit,3.12.9,3.0.2,10,Apple M2 Pro,1,Apple M2 Pro,,,16.0,machine,N,1.0
2025-06-20T11:19:52,codecarbon,d6a7b39a-e802-4544-ae53-90d588b30eff,5b0fa12a-3dd7-45bb-9766-cc326314d9f1,13.718732958019244,9.359243443080132e-07,6.822236041564768e-08,0.06,0.009,3.0,5.5796599380122256e-08,2.1664356617218194e-08,2.752516076725442e-06,2.8299770327227822e-06,Italy,ITA,,,,macOS-15.5-arm64-arm-64bit,3.12.9,3.0.2,10,Apple M2 Pro,1,Apple M2 Pro,,,16.0,machine,N,1.0
2025-06-20T11:19:56,codecarbon,d6a7b39a-e802-4544-ae53-90d588b30eff,5b0fa12a-3dd7-45bb-9766-cc326314d9f1,17.341749042039737,9.80290489430178e-07,5.6527775085071595e-08,0.0702,0.0091,3.0,5.8757518380534363e-08,2.6398449933246915e-08,2.8789720483958567e-06,2.964128016709638e-06,Italy,ITA,,,,macOS-15.5-arm64-arm-64bit,3.12.9,3.0.2,10,Apple M2 Pro,1,Apple M2 Pro,,,16.0,machine,N,1.0
2025-06-20T11:21:10,codecarbon,26a95d7f-37f1-40c5-b63f-15432590e2f1,5b0fa12a-3dd7-45bb-9766-cc326314d9f1,3.4990748339914717,1.8895161474752623e-08,5.400044975088028e-09,1.5828,0.0179,3.0,1.680942788431033e-08,8.663807177348644e-09,3.166052081117717e-08,5.7133755872836144e-08,Italy,ITA,,,,macOS-15.5-arm64-arm-64bit,3.12.9,3.0.2,10,Apple M2 Pro,1,Apple M2 Pro,,,16.0,machine,N,1.0
2025-06-20T11:21:14,codecarbon,26a95d7f-37f1-40c5-b63f-15432590e2f1,5b0fa12a-3dd7-45bb-9766-cc326314d9f1,7.491652041964699,1.703803306424093e-07,2.2742691423469627e-08,0.0898,0.0096999999999999,3.0,2.9948526308655147e-08,1.4730044034975838e-08,4.7050454833273155e-07,5.151831186763625e-07,Italy,ITA,,,,macOS-15.5-arm64-arm-64bit,3.12.9,3.0.2,10,Apple M2 Pro,1,Apple M2 Pro,,,16.0,machine,N,1.0
2025-06-20T11:21:21,codecarbon,26a95d7f-37f1-40c5-b63f-15432590e2f1,5b0fa12a-3dd7-45bb-9766-cc326314d9f1,14.8290142089827,1.2690064479792383e-06,8.557591422432757e-08,0.0779,0.0092,3.0,1.1366548700944502e-07,2.9037824725576987e-08,3.694422118326959e-06,3.837125430061981e-06,Italy,ITA,,,,macOS-15.5-arm64-arm-64bit,3.12.9,3.0.2,10,Apple M2 Pro,1,Apple M2 Pro,,,16.0,machine,N,1.0
2025-06-20T11:21:25,codecarbon,26a95d7f-37f1-40c5-b63f-15432590e2f1,5b0fa12a-3dd7-45bb-9766-cc326314d9f1,18.453479624993633,1.313847389414015e-06,7.11978128848135e-08,0.0771,0.0099,3.0,1.1693554340226309e-07,3.4203780391287494e-08,3.821572743327124e-06,3.972712067120673e-06,Italy,ITA,,,,macOS-15.5-arm64-arm-64bit,3.12.9,3.0.2,10,Apple M2 Pro,1,Apple M2 Pro,,,16.0,machine,N,1.0
2025-06-20T11:22:39,codecarbon,6fc36b4b-9f8e-4c1e-949b-c1e087df711e,5b0fa12a-3dd7-45bb-9766-cc326314d9f1,3.498181333008688,1.1116918955860637e-08,3.1779138636873595e-09,0.0362,0.0,3.0,4.0331617645440725e-10,0.0,3.32111800283504e-08,3.3614496204804816e-08,Italy,ITA,,,,macOS-15.5-arm64-arm-64bit,3.12.9,3.0.2,10,Apple M2 Pro,1,Apple M2 Pro,,,16.0,machine,N,1.0
2025-06-20T11:22:43,codecarbon,6fc36b4b-9f8e-4c1e-949b-c1e087df711e,5b0fa12a-3dd7-45bb-9766-cc326314d9f1,7.465254582988564,1.5977892954454769e-07,2.1403011480498415e-08,0.1516,0.0,3.0,2.2029872079926368e-08,0.0,4.610975341832577e-07,4.831274062631839e-07,Italy,ITA,,,,macOS-15.5-arm64-arm-64bit,3.12.9,3.0.2,10,Apple M2 Pro,1,Apple M2 Pro,,,16.0,machine,N,1.0
2025-06-20T11:22:51,codecarbon,6fc36b4b-9f8e-4c1e-949b-c1e087df711e,5b0fa12a-3dd7-45bb-9766-cc326314d9f1,15.69325170799857,1.4995377338614551e-06,9.555302889184958e-08,0.0362,0.0,3.0,7.03308407605089e-08,0.0,4.463857603356397e-06,4.534188444116906e-06,Italy,ITA,,,,macOS-15.5-arm64-arm-64bit,3.12.9,3.0.2,10,Apple M2 Pro,1,Apple M2 Pro,,,16.0,machine,N,1.0
2025-06-20T11:22:55,codecarbon,6fc36b4b-9f8e-4c1e-949b-c1e087df711e,5b0fa12a-3dd7-45bb-9766-cc326314d9f1,19.26768037502188,1.539955017636212e-06,7.99242559385908e-08,0.0291,0.0,3.0,7.150561988548403e-08,0.0,4.58489354083819e-06,4.656399160723674e-06,Italy,ITA,,,,macOS-15.5-arm64-arm-64bit,3.12.9,3.0.2,10,Apple M2 Pro,1,Apple M2 Pro,,,16.0,machine,N,1.0
2025-06-20T11:24:09,codecarbon,2e42c1e2-13d1-4c8d-9047-70b83a600f5e,5b0fa12a-3dd7-45bb-9766-cc326314d9f1,3.4877816670341417,1.0325386777877328e-08,2.9604452811570595e-09,0.0333,0.0,3.0,3.4473208959389016e-10,0.0,3.0876389161373176e-08,3.1221121250967075e-08,Italy,ITA,,,,macOS-15.5-arm64-arm-64bit,3.12.9,3.0.2,10,Apple M2 Pro,1,Apple M2 Pro,,,16.0,machine,N,1.0
2025-06-20T11:24:13,codecarbon,2e42c1e2-13d1-4c8d-9047-70b83a600f5e,5b0fa12a-3dd7-45bb-9766-cc326314d9f1,7.449567417032085,1.594089822843559e-07,2.139842132576667e-08,0.1478,0.0,3.0,2.1514516118889633e-08,0.0,4.604942716832739e-07,4.820087878021635e-07,Italy,ITA,,,,macOS-15.5-arm64-arm-64bit,3.12.9,3.0.2,10,Apple M2 Pro,1,Apple M2 Pro,,,16.0,machine,N,1.0
2025-06-20T11:24:19,codecarbon,2e42c1e2-13d1-4c8d-9047-70b83a600f5e,5b0fa12a-3dd7-45bb-9766-cc326314d9f1,13.745417084021028,9.55103366665431e-07,6.948522266201247e-08,0.0325,0.0,3.0,4.7300702229913454e-08,0.0,2.8406684033689087e-06,2.8879691055988224e-06,Italy,ITA,,,,macOS-15.5-arm64-arm-64bit,3.12.9,3.0.2,10,Apple M2 Pro,1,Apple M2 Pro,,,16.0,machine,N,1.0
2025-06-20T11:24:23,codecarbon,2e42c1e2-13d1-4c8d-9047-70b83a600f5e,5b0fa12a-3dd7-45bb-9766-cc326314d9f1,17.330669834045693,9.953842126492145e-07,5.7434837901868387e-08,0.0319,0.0,3.0,4.8583000264884e-08,0.0,2.9611842716985844e-06,3.009767271963469e-06,Italy,ITA,,,,macOS-15.5-arm64-arm-64bit,3.12.9,3.0.2,10,Apple M2 Pro,1,Apple M2 Pro,,,16.0,machine,N,1.0
2025-06-20T11:25:37,codecarbon,05e5f956-3d9c-4461-84f5-070d62dab47f,5b0fa12a-3dd7-45bb-9766-cc326314d9f1,3.4741821250063367,1.0335235726042902e-08,2.974868718497033e-09,0.0334999999999999,0.0,3.0,3.4722091145845796e-10,0.0,3.090368084182652e-08,3.125090175328498e-08,Italy,ITA,,,,macOS-15.5-arm64-arm-64bit,3.12.9,3.0.2,10,Apple M2 Pro,1,Apple M2 Pro,,,16.0,machine,N,1.0
2025-06-20T11:25:41,codecarbon,05e5f956-3d9c-4461-84f5-070d62dab47f,5b0fa12a-3dd7-45bb-9766-cc326314d9f1,7.418532666983083,1.5433466006528204e-07,2.0803933472203177e-08,0.1456,0.0,3.0,2.0504673054436964e-08,0.0,4.461607641618078e-07,4.666654372162449e-07,Italy,ITA,,,,macOS-15.5-arm64-arm-64bit,3.12.9,3.0.2,10,Apple M2 Pro,1,Apple M2 Pro,,,16.0,machine,N,1.0
2025-06-20T11:25:47,codecarbon,05e5f956-3d9c-4461-84f5-070d62dab47f,5b0fa12a-3dd7-45bb-9766-cc326314d9f1,13.321655166975688,8.359299267852147e-07,6.274970462060005e-08,0.0335,0.0,3.0,4.326549197800665e-08,0.0,2.4843560066559196e-06,2.527621498633926e-06,Italy,ITA,,,,macOS-15.5-arm64-arm-64bit,3.12.9,3.0.2,10,Apple M2 Pro,1,Apple M2 Pro,,,16.0,machine,N,1.0
2025-06-20T11:25:51,codecarbon,05e5f956-3d9c-4461-84f5-070d62dab47f,5b0fa12a-3dd7-45bb-9766-cc326314d9f1,16.90300995798316,8.756608130182379e-07,5.180502260809888e-08,0.0309,0.0,3.0,4.449104427586362e-08,0.0,2.603265694148528e-06,2.6477567384243913e-06,Italy,ITA,,,,macOS-15.5-arm64-arm-64bit,3.12.9,3.0.2,10,Apple M2 Pro,1,Apple M2 Pro,,,16.0,machine,N,1.0
2025-06-20T11:27:05,codecarbon,79b68b1b-eb3e-4280-9baa-fcc2b5a40c43,5b0fa12a-3dd7-45bb-9766-cc326314d9f1,3.4799687920021825,1.0563503348326613e-08,3.03551668986346e-09,0.0317,0.0,3.0,3.35911770768386e-10,0.0,3.160520830230477e-08,3.194112007307316e-08,Italy,ITA,,,,macOS-15.5-arm64-arm-64bit,3.12.9,3.0.2,10,Apple M2 Pro,1,Apple M2 Pro,,,16.0,machine,N,1.0
2025-06-20T11:27:09,codecarbon,79b68b1b-eb3e-4280-9baa-fcc2b5a40c43,5b0fa12a-3dd7-45bb-9766-cc326314d9f1,7.453358041995671,1.5785517483237925e-07,2.1179067736039257e-08,0.0326,0.0,3.0,5.124391069684256e-09,0.0,4.721861116316481e-07,4.773105027013323e-07,Italy,ITA,,,,macOS-15.5-arm64-arm-64bit,3.12.9,3.0.2,10,Apple M2 Pro,1,Apple M2 Pro,,,16.0,machine,N,1.0
2025-06-20T11:27:14,codecarbon,79b68b1b-eb3e-4280-9baa-fcc2b5a40c43,5b0fa12a-3dd7-45bb-9766-cc326314d9f1,12.434584041999187,6.04542143261755e-07,4.8617801867746183e-08,0.1712999999999999,0.0,3.0,7.808599784022954e-08,0.0,1.7498826741454347e-06,1.8279686719856644e-06,Italy,ITA,,,,macOS-15.5-arm64-arm-64bit,3.12.9,3.0.2,10,Apple M2 Pro,1,Apple M2 Pro,,,16.0,machine,N,1.0
2025-06-20T11:27:18,codecarbon,79b68b1b-eb3e-4280-9baa-fcc2b5a40c43,5b0fa12a-3dd7-45bb-9766-cc326314d9f1,16.028238124970812,6.444130075374251e-07,4.020485611163196e-08,0.0336,0.0,3.0,7.942216678172795e-08,0.0,1.869104999980967e-06,1.9485271667626953e-06,Italy,ITA,,,,macOS-15.5-arm64-arm-64bit,3.12.9,3.0.2,10,Apple M2 Pro,1,Apple M2 Pro,,,16.0,machine,N,1.0
2025-06-20T11:28:32,codecarbon,1312e8ce-5d4d-4b17-a29d-93dffa5e5952,5b0fa12a-3dd7-45bb-9766-cc326314d9f1,3.4710427499958314,1.0209956434560156e-08,2.941466634074851e-09,0.0273,0.0,3.0,2.801125297507194e-10,0.0,3.059197920568598e-08,3.08720917354367e-08,Italy,ITA,,,,macOS-15.5-arm64-arm-64bit,3.12.9,3.0.2,10,Apple M2 Pro,1,Apple M2 Pro,,,16.0,machine,N,1.0
2025-06-20T11:28:36,codecarbon,1312e8ce-5d4d-4b17-a29d-93dffa5e5952,5b0fa12a-3dd7-45bb-9766-cc326314d9f1,7.4228815830429085,1.5447892654171737e-07,2.081118024226797e-08,0.0353,0.0,3.0,5.3542975472519175e-09,0.0,4.617473616963253e-07,4.6710165924357716e-07,Italy,ITA,,,,macOS-15.5-arm64-arm-64bit,3.12.9,3.0.2,10,Apple M2 Pro,1,Apple M2 Pro,,,16.0,machine,N,1.0
2025-06-20T11:28:44,codecarbon,1312e8ce-5d4d-4b17-a29d-93dffa5e5952,5b0fa12a-3dd7-45bb-9766-cc326314d9f1,15.53310262504965,1.5007234033994651e-06,9.661452960333277e-08,0.1458999999999999,0.0,3.0,1.941472967002353e-07,0.0,4.3436262850203396e-06,4.537773581720575e-06,Italy,ITA,,,,macOS-15.5-arm64-arm-64bit,3.12.9,3.0.2,10,Apple M2 Pro,1,Apple M2 Pro,,,16.0,machine,N,1.0
2025-06-20T11:28:48,codecarbon,1312e8ce-5d4d-4b17-a29d-93dffa5e5952,5b0fa12a-3dd7-45bb-9766-cc326314d9f1,19.137754416035023,1.5423638787125325e-06,8.059273022232047e-08,0.0687,0.0,3.0,1.9696792706534e-07,0.0,4.466714965043745e-06,4.663682892109085e-06,Italy,ITA,,,,macOS-15.5-arm64-arm-64bit,3.12.9,3.0.2,10,Apple M2 Pro,1,Apple M2 Pro,,,16.0,machine,N,1.0
2025-06-20T11:30:02,codecarbon,e2c3bc88-659b-423d-8e03-dcf1486a86a0,5b0fa12a-3dd7-45bb-9766-cc326314d9f1,3.4727950409869663,1.0431152389782438e-08,3.0036763663478142e-09,0.0327,0.0,3.0,3.4203896621086956e-10,0.0,3.1198888318613175e-08,3.1540927284824044e-08,Italy,ITA,,,,macOS-15.5-arm64-arm-64bit,3.12.9,3.0.2,10,Apple M2 Pro,1,Apple M2 Pro,,,16.0,machine,N,1.0
2025-06-20T11:30:06,codecarbon,e2c3bc88-659b-423d-8e03-dcf1486a86a0,5b0fa12a-3dd7-45bb-9766-cc326314d9f1,7.398679249978159,1.473372557269194e-07,1.9913994207459972e-08,0.0356,0.0,3.0,5.197738465148077e-09,0.0,4.403094783386527e-07,4.455072168038007e-07,Italy,ITA,,,,macOS-15.5-arm64-arm-64bit,3.12.9,3.0.2,10,Apple M2 Pro,1,Apple M2 Pro,,,16.0,machine,N,1.0
2025-06-20T11:30:12,codecarbon,e2c3bc88-659b-423d-8e03-dcf1486a86a0,5b0fa12a-3dd7-45bb-9766-cc326314d9f1,14.111770665971562,1.0614422405797577e-06,7.52168006201566e-08,0.0317,0.0,3.0,3.409953396649508e-08,0.0,3.1754089916648813e-06,3.209508525631376e-06,Italy,ITA,,,,macOS-15.5-arm64-arm-64bit,3.12.9,3.0.2,10,Apple M2 Pro,1,Apple M2 Pro,,,16.0,machine,N,1.0
2025-06-20T11:30:16,codecarbon,e2c3bc88-659b-423d-8e03-dcf1486a86a0,5b0fa12a-3dd7-45bb-9766-cc326314d9f1,17.69067870802246,1.100705492622944e-06,6.22195174526453e-08,0.03250000000000001,0.0,3.0,3.5372825286194317e-08,0.0,3.2928569433473365e-06,3.3282297686335304e-06,Italy,ITA,,,,macOS-15.5-arm64-arm-64bit,3.12.9,3.0.2,10,Apple M2 Pro,1,Apple M2 Pro,,,16.0,machine,N,1.0
